Workbook

Sheet Dashboard
B1: Bangladesh Commodity Prices: Stock Level and Price Volatility
B2: Volatility here means spread across purchases (CV %), not change over time. Source tables are on the q1 to q8 sheets.
B4: Records | D4: Commodities | F4: Price anomalies | I4: Least predictable price | L4: Biggest low-stock markup
B5: =COUNTA(Data!$D$2:$D$1901) -> 1900 | D5: =SUMPRODUCT(1/COUNTIF(Data!$D$2:$D$1901,Data!$D$2:$D$1901)) -> 6 | F5: =TEXT(SUM(Data!$P$2:$P$1901),"#,##0")&" ("&TEXT(SUM(Data!$P$2:$P$1901)/COUNT(Data!$P$2:$P$1901),"0%")&")" -> 232 (12%) | I5: =INDEX(q1_commodity!$A$2:$A$7,MATCH(MAX(q1_commodity!$H$2:$H$7),q1_commodity!$H$2:$H$7,0))&" ("&TEXT(MAX(q1_commodity!$H$2:$H$7),"0.0")&"% CV)" -> Onion (18.0% CV) | L5: =INDEX(q4_stock_premium!$A$2:$A$7,MATCH(MAX(q4_stock_premium!$F$2:$F$7),q4_stock_premium!$F$2:$F$7,0))&" ("&TEXT(MAX(q4_stock_premium!$F$2:$F$7),"+0.0;-0.0")&"%)" -> Edible Oil (+18.3%)
I23: Where prices swing the most (CV %)
I24: Market | J24: Edible Oil | K24: Garlic | L24: Lentil | M24: Onion | N24: Potato | O24: Rice
I25: Barishal | J25: 7.5 | K25: 11.4 | L25: 11 | M25: 20.9 | N25: 14.1 | O25: 11
I26: Chattogram | J26: 12.2 | K26: 12.7 | L26: 9.4 | M26: 16.6 | N26: 13.4 | O26: 10.6
I27: Karwan Bazar (Dhaka) | J27: 11.1 | K27: 14.3 | L27: 9.8 | M27: 19.1 | N27: 12.9 | O27: 11.8
I28: Khulna | J28: 9.9 | K28: 12.2 | L28: 10.7 | M28: 18.8 | N28: 13.6 | O28: 10.5
I29: Rajshahi | J29: 10.6 | K29: 14.9 | L29: 9.9 | M29: 17.3 | N29: 13.5 | O29: 10.4
I30: Sylhet | J30: 11.9 | K30: 13.6 | L30: 10.3 | M30: 16.7 | N30: 14.3 | O30: 9.4
I32: Low vs high stock price gap by market
I33: Market | J33: Edible Oil | K33: Garlic | L33: Lentil | M33: Onion | N33: Potato | O33: Rice
I34: Barishal | J34: 7.5 | K34: 13.1 | L34: 16.1 | M34: 28.6 | N34: 0.6 | O34: 25.3
I35: Chattogram | J35: 17.1 | K35: 20.8 | L35: 12.1 | M35: 11.3 | N35: 11.3 | O35: 16.9
I36: Karwan Bazar (Dhaka) | J36: 19.2 | K36: 14.2 | L36: 15.4 | M36: 9.1 | N36: 14.5 | O36: 16.1
I37: Khulna | J37: 18 | K37: 8.2 | L37: 17.5 | M37: 8.1 | N37: 16.4 | O37: 16.4
I38: Rajshahi | J38: 21.5 | K38: 22 | L38: 13.5 | M38: 15.8 | N38: 24 | O38: 16.8
I39: Sylhet | J39: 23.6 | K39: 32.1 | L39: 20.3 | M39: 0.3 | N39: 15.5 | O39: 15.8

Sheet Explorer
B1: Commodity Explorer
B2: Pick a commodity in the yellow cell. The table and chart recalculate with Excel formulas.
B4: Commodity | C4: Onion
B5: Priced per | C5: =INDEX(q1_commodity!$B$2:$B$7,MATCH($C$4,q1_commodity!$A$2:$A$7,0)) -> Kg
B7: Market | C7: Low | D7: Medium | E7: High | F7: Rows | G7: Avg price | H7: CV % | I7: Low vs high | J7: Anomaly share
B8: Barishal | C8: =IFERROR(AVERAGEIFS(Data!$G$2:$G$1901,Data!$D$2:$D$1901,$C$4,Data!$B$2:$B$1901,$B8,Data!$H$2:$H$1901,C$7),"") -> 106.93 | D8: =IFERROR(AVERAGEIFS(Data!$G$2:$G$1901,Data!$D$2:$D$1901,$C$4,Data!$B$2:$B$1901,$B8,Data!$H$2:$H$1901,D$7),"") -> 80.275294 | E8: =IFERROR(AVERAGEIFS(Data!$G$2:$G$1901,Data!$D$2:$D$1901,$C$4,Data!$B$2:$B$1901,$B8,Data!$H$2:$H$1901,E$7),"") -> 83.142 | F8: =COUNTIFS(Data!$D$2:$D$1901,$C$4,Data!$B$2:$B$1901,$B8) -> 32 | G8: =IFERROR(AVERAGEIFS(Data!$G$2:$G$1901,Data!$D$2:$D$1901,$C$4,Data!$B$2:$B$1901,$B8),"") -> 85.335938 | H8: =IFERROR(100*SQRT(SUMPRODUCT((Data!$D$2:$D$1901=$C$4)*(Data!$B$2:$B$1901=$B8)*(Data!$G$2:$G$1901-G8)^2)/(F8-1))/G8,"") -> 20.873548 | I8: =IFERROR(100*(C8/E8-1),"") -> 28.611292 | J8: =IFERROR(100*AVERAGEIFS(Data!$P$2:$P$1901,Data!$D$2:$D$1901,$C$4,Data!$B$2:$B$1901,$B8),"") -> 25
B9: Chattogram | C9: =IFERROR(AVERAGEIFS(Data!$G$2:$G$1901,Data!$D$2:$D$1901,$C$4,Data!$B$2:$B$1901,$B9,Data!$H$2:$H$1901,C$7),"") -> 90.418824 | D9: =IFERROR(AVERAGEIFS(Data!$G$2:$G$1901,Data!$D$2:$D$1901,$C$4,Data!$B$2:$B$1901,$B9,Data!$H$2:$H$1901,D$7),"") -> 89.100857 | E9: =IFERROR(AVERAGEIFS(Data!$G$2:$G$1901,Data!$D$2:$D$1901,$C$4,Data!$B$2:$B$1901,$B9,Data!$H$2:$H$1901,E$7),"") -> 81.207857 | F9: =COUNTIFS(Data!$D$2:$D$1901,$C$4,Data!$B$2:$B$1901,$B9) -> 66 | G9: =IFERROR(AVERAGEIFS(Data!$G$2:$G$1901,Data!$D$2:$D$1901,$C$4,Data!$B$2:$B$1901,$B9),"") -> 87.766061 | H9: =IFERROR(100*SQRT(SUMPRODUCT((Data!$D$2:$D$1901=$C$4)*(Data!$B$2:$B$1901=$B9)*(Data!$G$2:$G$1901-G9)^2)/(F9-1))/G9,"") -> 16.600814 | I9: =IFERROR(100*(C9/E9-1),"") -> 11.342457 | J9: =IFERROR(100*AVERAGEIFS(Data!$P$2:$P$1901,Data!$D$2:$D$1901,$C$4,Data!$B$2:$B$1901,$B9),"") -> 22.727273
B10: Karwan Bazar (Dhaka) | C10: =IFERROR(AVERAGEIFS(Data!$G$2:$G$1901,Data!$D$2:$D$1901,$C$4,Data!$B$2:$B$1901,$B10,Data!$H$2:$H$1901,C$7),"") -> 89.756 | D10: =IFERROR(AVERAGEIFS(Data!$G$2:$G$1901,Data!$D$2:$D$1901,$C$4,Data!$B$2:$B$1901,$B10,Data!$H$2:$H$1901,D$7),"") -> 83.858611 | E10: =IFERROR(AVERAGEIFS(Data!$G$2:$G$1901,Data!$D$2:$D$1901,$C$4,Data!$B$2:$B$1901,$B10,Data!$H$2:$H$1901,E$7),"") -> 82.261818 | F10: =COUNTIFS(Data!$D$2:$D$1901,$C$4,Data!$B$2:$B$1901,$B10) -> 78 | G10: =IFERROR(AVERAGEIFS(Data!$G$2:$G$1901,Data!$D$2:$D$1901,$C$4,Data!$B$2:$B$1901,$B10),"") -> 84.920385 | H10: =IFERROR(100*SQRT(SUMPRODUCT((Data!$D$2:$D$1901=$C$4)*(Data!$B$2:$B$1901=$B10)*(Data!$G$2:$G$1901-G10)^2)/(F10-1))/G10,"") -> 19.052451 | I10: =IFERROR(100*(C10/E10-1),"") -> 9.1101583 | J10: =IFERROR(100*AVERAGEIFS(Data!$P$2:$P$1901,Data!$D$2:$D$1901,$C$4,Data!$B$2:$B$1901,$B10),"") -> 20.512821
B11: Khulna | C11: =IFERROR(AVERAGEIFS(Data!$G$2:$G$1901,Data!$D$2:$D$1901,$C$4,Data!$B$2:$B$1901,$B11,Data!$H$2:$H$1901,C$7),"") -> 91.013333 | D11: =IFERROR(AVERAGEIFS(Data!$G$2:$G$1901,Data!$D$2:$D$1901,$C$4,Data!$B$2:$B$1901,$B11,Data!$H$2:$H$1901,D$7),"") -> 80.255263 | E11: =IFERROR(AVERAGEIFS(Data!$G$2:$G$1901,Data!$D$2:$D$1901,$C$4,Data!$B$2:$B$1901,$B11,Data!$H$2:$H$1901,E$7),"") -> 84.196154 | F11: =COUNTIFS(Data!$D$2:$D$1901,$C$4,Data!$B$2:$B$1901,$B11) -> 44 | G11: =IFERROR(AVERAGEIFS(Data!$G$2:$G$1901,Data!$D$2:$D$1901,$C$4,Data!$B$2:$B$1901,$B11),"") -> 84.353636 | H11: =IFERROR(100*SQRT(SUMPRODUCT((Data!$D$2:$D$1901=$C$4)*(Data!$B$2:$B$1901=$B11)*(Data!$G$2:$G$1901-G11)^2)/(F11-1))/G11,"") -> 18.812835 | I11: =IFERROR(100*(C11/E11-1),"") -> 8.0967825 | J11: =IFERROR(100*AVERAGEIFS(Data!$P$2:$P$1901,Data!$D$2:$D$1901,$C$4,Data!$B$2:$B$1901,$B11),"") -> 22.727273
B12: Rajshahi | C12: =IFERROR(AVERAGEIFS(Data!$G$2:$G$1901,Data!$D$2:$D$1901,$C$4,Data!$B$2:$B$1901,$B12,Data!$H$2:$H$1901,C$7),"") -> 93.665 | D12: =IFERROR(AVERAGEIFS(Data!$G$2:$G$1901,Data!$D$2:$D$1901,$C$4,Data!$B$2:$B$1901,$B12,Data!$H$2:$H$1901,D$7),"") -> 84.523529 | E12: =IFERROR(AVERAGEIFS(Data!$G$2:$G$1901,Data!$D$2:$D$1901,$C$4,Data!$B$2:$B$1901,$B12,Data!$H$2:$H$1901,E$7),"") -> 80.899 | F12: =COUNTIFS(Data!$D$2:$D$1901,$C$4,Data!$B$2:$B$1901,$B12) -> 58 | G12: =IFERROR(AVERAGEIFS(Data!$G$2:$G$1901,Data!$D$2:$D$1901,$C$4,Data!$B$2:$B$1901,$B12),"") -> 86.105172 | H12: =IFERROR(100*SQRT(SUMPRODUCT((Data!$D$2:$D$1901=$C$4)*(Data!$B$2:$B$1901=$B12)*(Data!$G$2:$G$1901-G12)^2)/(F12-1))/G12,"") -> 17.300138 | I12: =IFERROR(100*(C12/E12-1),"") -> 15.78017 | J12: =IFERROR(100*AVERAGEIFS(Data!$P$2:$P$1901,Data!$D$2:$D$1901,$C$4,Data!$B$2:$B$1901,$B12),"") -> 22.413793
B13: Sylhet | C13: =IFERROR(AVERAGEIFS(Data!$G$2:$G$1901,Data!$D$2:$D$1901,$C$4,Data!$B$2:$B$1901,$B13,Data!$H$2:$H$1901,C$7),"") -> 89.744 | D13: =IFERROR(AVERAGEIFS(Data!$G$2:$G$1901,Data!$D$2:$D$1901,$C$4,Data!$B$2:$B$1901,$B13,Data!$H$2:$H$1901,D$7),"") -> 84.215263 | E13: =IFERROR(AVERAGEIFS(Data!$G$2:$G$1901,Data!$D$2:$D$1901,$C$4,Data!$B$2:$B$1901,$B13,Data!$H$2:$H$1901,E$7),"") -> 89.465 | F13: =COUNTIFS(Data!$D$2:$D$1901,$C$4,Data!$B$2:$B$1901,$B13) -> 33 | G13: =IFERROR(AVERAGEIFS(Data!$G$2:$G$1901,Data!$D$2:$D$1901,$C$4,Data!$B$2:$B$1901,$B13),"") -> 86.52697 | H13: =IFERROR(100*SQRT(SUMPRODUCT((Data!$D$2:$D$1901=$C$4)*(Data!$B$2:$B$1901=$B13)*(Data!$G$2:$G$1901-G13)^2)/(F13-1))/G13,"") -> 16.703855 | I13: =IFERROR(100*(C13/E13-1),"") -> 0.3118538 | J13: =IFERROR(100*AVERAGEIFS(Data!$P$2:$P$1901,Data!$D$2:$D$1901,$C$4,Data!$B$2:$B$1901,$B13),"") -> 27.272727
B14: All markets | C14: =IFERROR(AVERAGEIFS(Data!$G$2:$G$1901,Data!$D$2:$D$1901,$C$4,Data!$H$2:$H$1901,C$7),"") -> 91.894872 | D14: =IFERROR(AVERAGEIFS(Data!$G$2:$G$1901,Data!$D$2:$D$1901,$C$4,Data!$H$2:$H$1901,D$7),"") -> 84.380375 | E14: =IFERROR(AVERAGEIFS(Data!$G$2:$G$1901,Data!$D$2:$D$1901,$C$4,Data!$H$2:$H$1901,E$7),"") -> 82.73274 | F14: =COUNTIFS(Data!$D$2:$D$1901,$C$4) -> 311 | G14: =IFERROR(AVERAGEIFS(Data!$G$2:$G$1901,Data!$D$2:$D$1901,$C$4),"") -> 85.878296 | H14: =IFERROR(100*SQRT(SUMPRODUCT((Data!$D$2:$D$1901=$C$4)*(Data!$G$2:$G$1901-G14)^2)/(F14-1))/G14,"") -> 18.03797 | I14: =IFERROR(100*(C14/E14-1),"") -> 11.074373 | J14: =IFERROR(100*AVERAGEIFS(Data!$P$2:$P$1901,Data!$D$2:$D$1901,$C$4),"") -> 22.829582
B16: ="Average "&$C$4&" price per "&$C$5&" by market and stock level" -> Average Onion price per Kg by market and stock level

Sheet q1_commodity
A1: commodity | B1: unit | C1: observations | D1: avg_price | E1: min_price | F1: max_price | G1: std_dev | H1: cv_pct
A2: Onion | B2: Kg | C2: 311 | D2: 85.88 | E2: 45.09 | F2: 120 | G2: 15.49 | H2: 18
A3: Garlic | B3: Kg | C3: 264 | D3: 157.53 | E3: 100 | F3: 200 | G3: 21.11 | H3: 13.4
A4: Potato | B4: Kg | C4: 322 | D4: 31.35 | E4: 20 | F4: 40 | G4: 4.21 | H4: 13.4
A5: Edible Oil | B5: L | C5: 279 | D5: 170.63 | E5: 123.95 | F5: 200 | G5: 18.71 | H5: 11
A6: Rice | B6: Kg | C6: 412 | D6: 67.97 | E6: 50 | F6: 80 | G6: 7.32 | H6: 10.8
A7: Lentil | B7: Kg | C7: 312 | D7: 121.93 | E7: 91.21 | F7: 140 | G7: 12.3 | H7: 10.1

Sheet q2_market
A1: commodity | B1: market | C1: observations | D1: avg_price | E1: std_dev | F1: cv_pct
A2: Edible Oil | B2: Khulna | C2: 36 | D2: 174 | E2: 17.2 | F2: 9.9
A3: Edible Oil | B3: Barishal | C3: 22 | D3: 173.01 | E3: 12.9 | F3: 7.5
A4: Edible Oil | B4: Chattogram | C4: 56 | D4: 172.19 | E4: 21.06 | F4: 12.2
A5: Edible Oil | B5: Sylhet | C5: 40 | D5: 171.19 | E5: 20.41 | F5: 11.9
A6: Edible Oil | B6: Karwan Bazar (Dhaka) | C6: 72 | D6: 169.52 | E6: 18.77 | F6: 11.1
A7: Edible Oil | B7: Rajshahi | C7: 53 | D7: 166.79 | E7: 17.67 | F7: 10.6
A8: Garlic | B8: Rajshahi | C8: 37 | D8: 162.62 | E8: 24.24 | F8: 14.9
A9: Garlic | B9: Barishal | C9: 27 | D9: 160.79 | E9: 18.26 | F9: 11.4
A10: Garlic | B10: Khulna | C10: 45 | D10: 156.88 | E10: 19.18 | F10: 12.2
A11: Garlic | B11: Karwan Bazar (Dhaka) | C11: 76 | D11: 156.45 | E11: 22.43 | F11: 14.3
A12: Garlic | B12: Chattogram | C12: 51 | D12: 155.94 | E12: 19.85 | F12: 12.7
A13: Garlic | B13: Sylhet | C13: 28 | D13: 154.54 | E13: 21.08 | F13: 13.6
... A37: Rice | B37: Rajshahi | C37: 64 | D37: 66.93 | E37: 6.98 | F37: 10.4

Sheet q3_stock_level
A1: commodity | B1: stock_level | C1: stock_order | D1: observations | E1: avg_price | F1: min_price | G1: max_price | H1: std_dev
A2: Edible Oil | B2: Low | C2: 1 | D2: 64 | E2: 187.3 | F2: 144 | G2: 200 | H2: 14.02
A3: Edible Oil | B3: Medium | C3: 2 | D3: 148 | E3: 169.01 | F3: 130.4 | G3: 200 | H3: 16.23
A4: Edible Oil | B4: High | C4: 3 | D4: 67 | E4: 158.28 | F4: 123.95 | G4: 192.86 | H4: 16.43
A5: Garlic | B5: Low | C5: 1 | D5: 46 | E5: 172.6 | F5: 137.28 | G5: 200 | H5: 18.84
A6: Garlic | B6: Medium | C6: 2 | D6: 159 | E6: 156.56 | F6: 100 | G6: 200 | H6: 20.2
A7: Garlic | B7: High | C7: 3 | D7: 59 | E7: 148.4 | F7: 112.67 | G7: 197.63 | H7: 19.13
A8: Lentil | B8: Low | C8: 1 | D8: 67 | E8: 132.16 | F8: 112.81 | G8: 140 | H8: 8.03
A9: Lentil | B9: Medium | C9: 2 | D9: 178 | E9: 120.93 | F9: 94.61 | G9: 140 | H9: 11.58
A10: Lentil | B10: High | C10: 3 | D10: 67 | E10: 114.37 | F10: 91.21 | G10: 139.68 | H10: 11.07
A11: Onion | B11: Low | C11: 1 | D11: 78 | E11: 91.89 | F11: 46.18 | G11: 120 | H11: 15.99
A12: Onion | B12: Medium | C12: 2 | D12: 160 | E12: 84.38 | F12: 51.76 | G12: 120 | H12: 14.89
A13: Onion | B13: High | C13: 3 | D13: 73 | E13: 82.73 | F13: 45.09 | G13: 115.71 | H13: 14.69
... A19: Rice | B19: High | C19: 3 | D19: 84 | E19: 63.09 | F19: 50 | G19: 78.4 | H19: 6.02

Sheet q4_stock_premium
A1: commodity | B1: avg_low | C1: avg_medium | D1: avg_high | E1: low_minus_high | F1: low_vs_high_pct
A2: Edible Oil | B2: 187.3 | C2: 169.01 | D2: 158.28 | E2: 29.02 | F2: 18.3
A3: Rice | B3: 73.95 | C3: 67.38 | D3: 63.09 | E3: 10.86 | F3: 17.2
A4: Garlic | B4: 172.6 | C4: 156.56 | D4: 148.4 | E4: 24.2 | F4: 16.3
A5: Lentil | B5: 132.16 | C5: 120.93 | D5: 114.37 | E5: 17.78 | F5: 15.5
A6: Potato | B6: 34.24 | C6: 31.14 | D6: 29.8 | E6: 4.44 | F6: 14.9
A7: Onion | B7: 91.89 | C7: 84.38 | D7: 82.73 | E7: 9.16 | F7: 11.1

Sheet q5_market_premium
A1: commodity | B1: market | C1: n_low | D1: n_high | E1: avg_low | F1: avg_high | G1: low_vs_high_pct
A2: Edible Oil | B2: Sylhet | C2: 8 | D2: 13 | E2: 196.39 | F2: 158.86 | G2: 23.6
A3: Edible Oil | B3: Rajshahi | C3: 10 | D3: 8 | E3: 185.38 | F3: 152.59 | G3: 21.5
A4: Edible Oil | B4: Karwan Bazar (Dhaka) | C4: 17 | D4: 15 | E4: 184.79 | F4: 154.99 | G4: 19.2
A5: Edible Oil | B5: Khulna | C5: 10 | D5: 12 | E5: 188.49 | F5: 159.71 | G5: 18
A6: Edible Oil | B6: Chattogram | C6: 15 | D6: 14 | E6: 188.69 | F6: 161.18 | G6: 17.1
A7: Edible Oil | B7: Barishal | C7: 4 | D7: 5 | E7: 176.47 | F7: 164.21 | G7: 7.5
A8: Garlic | B8: Sylhet | C8: 2 | D8: 5 | E8: 182.98 | F8: 138.56 | G8: 32.1
A9: Garlic | B9: Rajshahi | C9: 6 | D9: 7 | E9: 189.05 | F9: 154.95 | G9: 22
A10: Garlic | B10: Chattogram | C10: 8 | D10: 12 | E10: 173.91 | F10: 143.91 | G10: 20.8
A11: Garlic | B11: Karwan Bazar (Dhaka) | C11: 19 | D11: 18 | E11: 170.53 | F11: 149.3 | G11: 14.2
A12: Garlic | B12: Barishal | C12: 3 | D12: 7 | E12: 174.62 | F12: 154.39 | G12: 13.1
A13: Garlic | B13: Khulna | C13: 8 | D13: 10 | E13: 160.52 | F13: 148.3 | G13: 8.2
... A37: Rice | B37: Sylhet | C37: 6 | D37: 9 | E37: 74.26 | F37: 64.1 | G37: 15.8

Sheet q6_anomaly_share
A1: stock_level | B1: observations | C1: anomaly_rows | D1: anomaly_share_pct | E1: avg_pct_vs_peer
A2: Low | B2: 408 | C2: 118 | D2: 28.9 | E2: 8.5
A3: Medium | B3: 1050 | C3: 86 | D3: 8.2 | E3: -0.7
A4: High | B4: 442 | C4: 28 | D4: 6.3 | E4: -5.3

Sheet q7_index_anomaly
A1: stock_level | B1: stock_order | C1: price_anomaly | D1: observations | E1: avg_price_index | H1: stock_level | I1: No anomaly flag | J1: Anomaly flagged
A2: Low | B2: 1 | C2: 0 | D2: 290 | E2: 104.3 | H2: Low | I2: 104.3 | J2: 119.6
A3: Low | B3: 1 | C3: 1 | D3: 118 | E3: 119.6 | H3: Medium | I3: 97.2 | J3: 119.9
A4: Medium | B4: 2 | C4: 0 | D4: 964 | E4: 97.2 | H4: High | I4: 92.5 | J4: 119.7
A5: Medium | B5: 2 | C5: 1 | D5: 86 | E5: 119.9
A6: High | B6: 3 | C6: 0 | D6: 414 | E6: 92.5
A7: High | B7: 3 | C7: 1 | D7: 28 | E7: 119.7

Sheet q8_weather_harvest
A1: weather | B1: seasonal_harvest | C1: observations | D1: avg_price_index
A2: Flood | B2: No | C2: 65 | D2: 113.6
A3: Flood | B3: Yes | C3: 38 | D3: 109.4
A4: Rainy | B4: No | C4: 474 | D4: 106.7
A5: Sunny | B5: No | C5: 572 | D5: 101.8
A6: Rainy | B6: Yes | C6: 300 | D6: 95.9
A7: Sunny | B7: Yes | C7: 451 | D7: 90.7

Sheet Data
A1: season | B1: market | C1: city | D1: commodity | E1: variety | F1: unit | G1: purchase_price | H1: stock_level | I1: stock_order | J1: weather | K1: seasonal_harvest | L1: festival_or_event | M1: day_of_week | N1: peer_median_price | O1: pct_vs_peer | P1: price_anomaly
A2: Summer | B2: Khulna | C2: Khulna | D2: Garlic | E2: Chinese Garlic | F2: Kg | G2: 163.12 | H2: Medium | I2: 2 | J2: Rainy | K2: No | L2: No | M2: Monday | N2: 151.19 | O2: 7.9 | P2: 0
A3: Winter | B3: Chattogram | C3: Chattogram | D3: Garlic | E3: Chinese Garlic | F3: Kg | G3: 151.94 | H3: Medium | I3: 2 | J3: Sunny | K3: No | L3: No | M3: Sunday | N3: 152.03 | O3: -0.1 | P3: 0
A4: Winter | B4: Karwan Bazar (Dhaka) | C4: Dhaka | D4: Rice | E4: Najirshail Rice | F4: Kg | G4: 61.7 | H4: Medium | I4: 2 | J4: Sunny | K4: Yes | L4: No | M4: Thursday | N4: 66.68 | O4: -7.5 | P4: 0
A5: Monsoon | B5: Rajshahi | C5: Rajshahi | D5: Edible Oil | E5: Soybean Oil | F5: L | G5: 183.4 | H5: High | I5: 3 | J5: Rainy | K5: No | L5: Yes | M5: Wednesday | N5: 178.49 | O5: 2.8 | P5: 0
A6: Monsoon | B6: Chattogram | C6: Chattogram | D6: Edible Oil | E6: Soybean Oil | F6: L | G6: 200 | H6: Medium | I6: 2 | J6: Sunny | K6: No | L6: Yes | M6: Friday | N6: 178.49 | O6: 12.1 | P6: 0
A7: Summer | B7: Karwan Bazar (Dhaka) | C7: Dhaka | D7: Garlic | E7: Local Garlic | F7: Kg | G7: 146.78 | H7: High | I7: 3 | J7: Sunny | K7: Yes | L7: No | M7: Friday | N7: 150.39 | O7: -2.4 | P7: 0
A8: Monsoon | B8: Barishal | C8: Barishal | D8: Potato | E8: Cold Storage Potato | F8: Kg | G8: 33.35 | H8: Medium | I8: 2 | J8: Sunny | K8: No | L8: No | M8: Monday | N8: 32.63 | O8: 2.2 | P8: 0
A9: Monsoon | B9: Karwan Bazar (Dhaka) | C9: Dhaka | D9: Rice | E9: BR-28 Rice | F9: Kg | G9: 67.82 | H9: Medium | I9: 2 | J9: Rainy | K9: No | L9: No | M9: Monday | N9: 71.77 | O9: -5.5 | P9: 0
A10: Winter | B10: Khulna | C10: Khulna | D10: Rice | E10: Najirshail Rice | F10: Kg | G10: 63.83 | H10: High | I10: 3 | J10: Sunny | K10: No | L10: Yes | M10: Thursday | N10: 66.68 | O10: -4.3 | P10: 0
A11: Winter | B11: Karwan Bazar (Dhaka) | C11: Dhaka | D11: Garlic | E11: Chinese Garlic | F11: Kg | G11: 183.55 | H11: Low | I11: 1 | J11: Sunny | K11: No | L11: No | M11: Saturday | N11: 152.03 | O11: 20.7 | P11: 1
A12: Monsoon | B12: Sylhet | C12: Sylhet | D12: Onion | E12: Local Onion | F12: Kg | G12: 79.05 | H12: Medium | I12: 2 | J12: Sunny | K12: No | L12: No | M12: Wednesday | N12: 88.05 | O12: -10.2 | P12: 0
A13: Winter | B13: Sylhet | C13: Sylhet | D13: Onion | E13: Indian Onion | F13: Kg | G13: 79.36 | H13: Medium | I13: 2 | J13: Rainy | K13: No | L13: No | M13: Saturday | N13: 78.26 | O13: 1.4 | P13: 0
... A1901: Summer | B1901: Karwan Bazar (Dhaka) | C1901: Dhaka | D1901: Edible Oil | E1901: Soybean Oil | F1901: L | G1901: 163.14 | H1901: Medium | I1901: 2 | J1901: Rainy | K1901: Yes | L1901: No | M1901: Saturday | N1901: 170.56 | O1901: -4.3 | P1901: 0
